Hugo_Symbol,Total_Mutations,Silenced_Count,Expressed_Count,Silenced_Percent
TTN,14,14,0,100.0
ABCA13,12,12,0,100.0
RYR2,9,9,0,100.0
SPTA1,9,9,0,100.0
BAI1,8,8,0,100.0
FSIP2,8,8,0,100.0
STARD9,8,8,0,100.0
CACNA1E,7,7,0,100.0
CCDC168,7,7,0,100.0
FAT2,7,7,0,100.0
FAT3,7,7,0,100.0
FAT4,7,7,0,100.0
FREM2,7,7,0,100.0
PKHD1,7,7,0,100.0
PKHD1L1,7,7,0,100.0
PRDM16,7,7,0,100.0
RIMS1,7,7,0,100.0
ZNF831,7,7,0,100.0
COL6A6,6,6,0,100.0
FRAS1,6,6,0,100.0
LRP1B,6,6,0,100.0
PTPRO,6,6,0,100.0
RELN,6,6,0,100.0
RGAG1,6,6,0,100.0
UMODL1,6,6,0,100.0
ZNF469,6,6,0,100.0
AKAP6,5,5,0,100.0
BNC2,5,5,0,100.0
BSN,5,5,0,100.0
COL4A4,5,5,0,100.0
DNAH3,5,5,0,100.0
DNAH7,5,5,0,100.0
EXPH5,5,5,0,100.0
FMN2,5,5,0,100.0
GRIK2,5,5,0,100.0
KIAA1875,5,5,0,100.0
LRRC66,5,5,0,100.0
MYO7B,5,5,0,100.0
NEB,5,5,0,100.0
NUP210L,5,5,0,100.0
OTOGL,5,5,0,100.0
PRUNE2,5,5,0,100.0
RP1L1,5,5,0,100.0
SCN2A,5,5,0,100.0
USH2A,5,5,0,100.0
ACTN2,4,4,0,100.0
ADAMTS18,4,4,0,100.0
ADAMTS3,4,4,0,100.0
ADAMTS5,4,4,0,100.0
ADAMTS9,4,4,0,100.0
ADAMTSL1,4,4,0,100.0
ALDH1L1,4,4,0,100.0
APBA1,4,4,0,100.0
APOB,4,4,0,100.0
CCDC135,4,4,0,100.0
CCDC141,4,4,0,100.0
CCDC178,4,4,0,100.0
COL6A5,4,4,0,100.0
CTTNBP2,4,4,0,100.0
CUBN,4,4,0,100.0
DLGAP1,4,4,0,100.0
DNAH6,4,4,0,100.0
EPHB1,4,4,0,100.0
FHDC1,4,4,0,100.0
FILIP1,4,4,0,100.0
FREM1,4,4,0,100.0
GLIS3,4,4,0,100.0
GPRASP1,4,4,0,100.0
HRC,4,4,0,100.0
HUNK,4,4,0,100.0
IGSF1,4,4,0,100.0
KCNB1,4,4,0,100.0
KCNT2,4,4,0,100.0
KIAA1549L,4,4,0,100.0
LAMA1,4,4,0,100.0
LPA,4,4,0,100.0
MAMLD1,4,4,0,100.0
MMP16,4,4,0,100.0
MYBPC2,4,4,0,100.0
MYH15,4,4,0,100.0
MYH6,4,4,0,100.0
MYO16,4,4,0,100.0
MYRF,4,4,0,100.0
NOS2,4,4,0,100.0
NPAS3,4,4,0,100.0
NRXN1,4,4,0,100.0
OPHN1,4,4,0,100.0
PCDH19,4,4,0,100.0
PLXNA2,4,4,0,100.0
PLXNA4,4,4,0,100.0
PRDM8,4,4,0,100.0
RP1,4,4,0,100.0
RUNX1T1,4,4,0,100.0
SEMA5A,4,4,0,100.0
SLC25A47,4,4,0,100.0
SLCO1C1,4,4,0,100.0
ST18,4,4,0,100.0
TENM3,4,4,0,100.0
THSD7B,4,4,0,100.0
TMEM132C,4,4,0,100.0
TMEM132E,4,4,0,100.0
TNR,4,4,0,100.0
TTBK1,4,4,0,100.0
USHBP1,4,4,0,100.0
WDR87,4,4,0,100.0
ABCA9,3,3,0,100.0
ABCC2,3,3,0,100.0
ABCC8,3,3,0,100.0
ADAM21,3,3,0,100.0
ADAM22,3,3,0,100.0
ADAMTS17,3,3,0,100.0
ADAMTS19,3,3,0,100.0
ADARB2,3,3,0,100.0
ADRA2C,3,3,0,100.0
AFF2,3,3,0,100.0
AFF3,3,3,0,100.0
AGT,3,3,0,100.0
ANGPT4,3,3,0,100.0
ANKFN1,3,3,0,100.0
ANKRD31,3,3,0,100.0
ANKRD33B,3,3,0,100.0
ANKRD35,3,3,0,100.0
ANO5,3,3,0,100.0
ARRDC5,3,3,0,100.0
ASXL3,3,3,0,100.0
ATP1A2,3,3,0,100.0
ATP2B2,3,3,0,100.0
ATP4A,3,3,0,100.0
BMX,3,3,0,100.0
BRINP1,3,3,0,100.0
C1orf95,3,3,0,100.0
C3orf20,3,3,0,100.0
CACNA1G,3,3,0,100.0
CCDC158,3,3,0,100.0
CCIN,3,3,0,100.0
CCNB3,3,3,0,100.0
CELSR3,3,3,0,100.0
CHD5,3,3,0,100.0
CHRNB2,3,3,0,100.0
CHSY3,3,3,0,100.0
CLTCL1,3,3,0,100.0
CNKSR2,3,3,0,100.0
CNTN3,3,3,0,100.0
COL11A1,3,3,0,100.0
COL19A1,3,3,0,100.0
CRB1,3,3,0,100.0
DAB1,3,3,0,100.0
DCAF8L2,3,3,0,100.0
DCC,3,3,0,100.0
DDC,3,3,0,100.0
DENND2A,3,3,0,100.0
DENND5B,3,3,0,100.0
DISP2,3,3,0,100.0
DMBT1,3,3,0,100.0
DMD,3,3,0,100.0
DNAH10,3,3,0,100.0
DNAH8,3,3,0,100.0
DPEP3,3,3,0,100.0
DPYSL5,3,3,0,100.0
DSCAM,3,3,0,100.0
EYA2,3,3,0,100.0
FAM228A,3,3,0,100.0
FBN2,3,3,0,100.0
FCGBP,3,3,0,100.0
FLG,3,3,0,100.0
FRMPD1,3,3,0,100.0
GALNT5,3,3,0,100.0
GCSAML,3,3,0,100.0
GDF10,3,3,0,100.0
GPR158,3,3,0,100.0
GPR179,3,3,0,100.0
GPR64,3,3,0,100.0
GRIA2,3,3,0,100.0
GRM1,3,3,0,100.0
GRM5,3,3,0,100.0
GRM8,3,3,0,100.0
GUCY1A2,3,3,0,100.0
GYG2,3,3,0,100.0
HECW1,3,3,0,100.0
IQSEC3,3,3,0,100.0
JPH2,3,3,0,100.0
KCNH1,3,3,0,100.0
KCNH4,3,3,0,100.0
KIAA1211,3,3,0,100.0
KIAA1958,3,3,0,100.0
KIAA2022,3,3,0,100.0
KIRREL3,3,3,0,100.0
KIT,3,3,0,100.0
KL,3,3,0,100.0
KLHL4,3,3,0,100.0
LEFTY1,3,3,0,100.0
LGI4,3,3,0,100.0
LONRF3,3,3,0,100.0
LPHN3,3,3,0,100.0
MAP1A,3,3,0,100.0
MCIDAS,3,3,0,100.0
MID1,3,3,0,100.0
MN1,3,3,0,100.0
MOV10L1,3,3,0,100.0
MUC17,3,3,0,100.0
MYBPC1,3,3,0,100.0
MYCBPAP,3,3,0,100.0
MYO15A,3,3,0,100.0
MYO18B,3,3,0,100.0
MYOM1,3,3,0,100.0
MYRIP,3,3,0,100.0
NACAD,3,3,0,100.0
NAV3,3,3,0,100.0
NCAN,3,3,0,100.0
NEK10,3,3,0,100.0
NLGN1,3,3,0,100.0
NLRP12,3,3,0,100.0
NLRP3,3,3,0,100.0
NLRP7,3,3,0,100.0
NMUR1,3,3,0,100.0
NTNG2,3,3,0,100.0
NWD1,3,3,0,100.0
NYAP1,3,3,0,100.0
OTOF,3,3,0,100.0
OTX1,3,3,0,100.0
PALD1,3,3,0,100.0
PAPPA,3,3,0,100.0
PAPPA2,3,3,0,100.0
PCDH10,3,3,0,100.0
PCDH11X,3,3,0,100.0
PCDH9,3,3,0,100.0
PCDHB12,3,3,0,100.0
PCDHB13,3,3,0,100.0
PCDHB14,3,3,0,100.0
PCDHB15,3,3,0,100.0
PCSK5,3,3,0,100.0
PDE1C,3,3,0,100.0
PDE3A,3,3,0,100.0
PITPNM3,3,3,0,100.0
PIWIL1,3,3,0,100.0
PLCB1,3,3,0,100.0
POU5F1B,3,3,0,100.0
PRDM6,3,3,0,100.0
PRR7,3,3,0,100.0
PTCH1,3,3,0,100.0
PTCHD2,3,3,0,100.0
PXDNL,3,3,0,100.0
PZP,3,3,0,100.0
RAG1,3,3,0,100.0
RET,3,3,0,100.0
RHBG,3,3,0,100.0
RIMKLA,3,3,0,100.0
RNF148,3,3,0,100.0
SCN4A,3,3,0,100.0
SCN5A,3,3,0,100.0
SCN9A,3,3,0,100.0
SCUBE3,3,3,0,100.0
SEMA3D,3,3,0,100.0
SEMA5B,3,3,0,100.0
SH3RF3,3,3,0,100.0
SHANK1,3,3,0,100.0
SHROOM2,3,3,0,100.0
SKIDA1,3,3,0,100.0
SLC6A17,3,3,0,100.0
SSC5D,3,3,0,100.0
STK33,3,3,0,100.0
TCHH,3,3,0,100.0
TCTE1,3,3,0,100.0
TENM1,3,3,0,100.0
TNFSF9,3,3,0,100.0
TNN,3,3,0,100.0
TNXB,3,3,0,100.0
TRPC4,3,3,0,100.0
TRPC6,3,3,0,100.0
TRPM3,3,3,0,100.0
UNC13A,3,3,0,100.0
UNC80,3,3,0,100.0
VWA3A,3,3,0,100.0
VWA3B,3,3,0,100.0
VWCE,3,3,0,100.0
XIRP1,3,3,0,100.0
ZBTB49,3,3,0,100.0
ZKSCAN2,3,3,0,100.0
ZNF385D,3,3,0,100.0
ZNF541,3,3,0,100.0
ZNF844,3,3,0,100.0
RYR1,11,10,1,90.9090909090909
TENM4,9,8,1,88.88888888888889
ZFHX4,9,8,1,88.88888888888889
DNAH9,8,7,1,87.5
KIAA1549,7,6,1,85.71428571428571
KIF21B,7,6,1,85.71428571428571
FLNC,6,5,1,83.33333333333334
KIF26B,6,5,1,83.33333333333334
PCDHA6,6,5,1,83.33333333333334
PTPRD,6,5,1,83.33333333333334
ADAMTSL3,5,4,1,80.0
ALPK2,5,4,1,80.0
CCDC108,5,4,1,80.0
DNAH5,5,4,1,80.0
EGFLAM,5,4,1,80.0
IGSF9B,5,4,1,80.0
KIAA1614,5,4,1,80.0
NBEA,5,4,1,80.0
PANX2,5,4,1,80.0
PIEZO2,5,4,1,80.0
PKD1L1,5,4,1,80.0
TBX18,5,4,1,80.0
TLE4,5,4,1,80.0
TSHZ3,5,4,1,80.0
VWDE,5,4,1,80.0
PCLO,9,7,2,77.77777777777779
ANK2,8,6,2,75.0
ABCB1,4,3,1,75.0
ADAMTS16,4,3,1,75.0
ADCY2,4,3,1,75.0
CACNA2D1,4,3,1,75.0
CUX2,4,3,1,75.0
FANCM,4,3,1,75.0
FRY,4,3,1,75.0
GREB1L,4,3,1,75.0
MUC12,4,3,1,75.0
MYO7A,4,3,1,75.0
NHS,4,3,1,75.0
NLGN4X,4,3,1,75.0
PDE3B,4,3,1,75.0
PEG3,4,3,1,75.0
PLAG1,4,3,1,75.0
PLB1,4,3,1,75.0
PREX2,4,3,1,75.0
PTCH2,4,3,1,75.0
SCN7A,4,3,1,75.0
STX11,4,3,1,75.0
TTC28,4,3,1,75.0
TUBAL3,4,3,1,75.0
ZNF630,4,3,1,75.0
MUC16,15,11,4,73.33333333333333
ZFHX3,7,5,2,71.42857142857143
MUC5B,10,7,3,70.0
PLCE1,6,4,2,66.66666666666666
SPTBN5,6,4,2,66.66666666666666
TNRC6C,6,4,2,66.66666666666666
ABCA8,3,2,1,66.66666666666666
ADAM23,3,2,1,66.66666666666666
ADAMTS7,3,2,1,66.66666666666666
AKAP12,3,2,1,66.66666666666666
ANK1,3,2,1,66.66666666666666
ANKRD6,3,2,1,66.66666666666666
AR,3,2,1,66.66666666666666
ARAP3,3,2,1,66.66666666666666
ATP1A3,3,2,1,66.66666666666666
BANK1,3,2,1,66.66666666666666
BCL11B,3,2,1,66.66666666666666
BRIP1,3,2,1,66.66666666666666
C15orf52,3,2,1,66.66666666666666
C5,3,2,1,66.66666666666666
CAPN9,3,2,1,66.66666666666666
CASZ1,3,2,1,66.66666666666666
CCSER1,3,2,1,66.66666666666666
CD19,3,2,1,66.66666666666666
CDHR3,3,2,1,66.66666666666666
CEP72,3,2,1,66.66666666666666
CHRDL1,3,2,1,66.66666666666666
COL22A1,3,2,1,66.66666666666666
COL2A1,3,2,1,66.66666666666666
CXorf23,3,2,1,66.66666666666666
DCLK2,3,2,1,66.66666666666666
EGF,3,2,1,66.66666666666666
ERBB4,3,2,1,66.66666666666666
EVA1C,3,2,1,66.66666666666666
FAM160A1,3,2,1,66.66666666666666
FAM65B,3,2,1,66.66666666666666
FCRL5,3,2,1,66.66666666666666
FHAD1,3,2,1,66.66666666666666
FLRT2,3,2,1,66.66666666666666
GABRE,3,2,1,66.66666666666666
GAREML,3,2,1,66.66666666666666
GJC2,3,2,1,66.66666666666666
GLTSCR1,3,2,1,66.66666666666666
GPR115,3,2,1,66.66666666666666
GREB1,3,2,1,66.66666666666666
GRHL3,3,2,1,66.66666666666666
HECW2,3,2,1,66.66666666666666
HSPA12A,3,2,1,66.66666666666666
ICAM5,3,2,1,66.66666666666666
IGSF10,3,2,1,66.66666666666666
ITGA2B,3,2,1,66.66666666666666
ITIH6,3,2,1,66.66666666666666
KIF26A,3,2,1,66.66666666666666
KIF7,3,2,1,66.66666666666666
LIPE,3,2,1,66.66666666666666
LMOD1,3,2,1,66.66666666666666
LRRIQ1,3,2,1,66.66666666666666
LZTS3,3,2,1,66.66666666666666
MAML3,3,2,1,66.66666666666666
MAP1B,3,2,1,66.66666666666666
MECOM,3,2,1,66.66666666666666
MGAM,3,2,1,66.66666666666666
NACC2,3,2,1,66.66666666666666
NALCN,3,2,1,66.66666666666666
NBEAL1,3,2,1,66.66666666666666
NCAM2,3,2,1,66.66666666666666
NOS3,3,2,1,66.66666666666666
PLCD3,3,2,1,66.66666666666666
PLD4,3,2,1,66.66666666666666
PLEKHG1,3,2,1,66.66666666666666
RAB11FIP4,3,2,1,66.66666666666666
RBM11,3,2,1,66.66666666666666
SALL2,3,2,1,66.66666666666666
SARDH,3,2,1,66.66666666666666
SIPA1L2,3,2,1,66.66666666666666
SLC28A3,3,2,1,66.66666666666666
SOAT2,3,2,1,66.66666666666666
SOX11,3,2,1,66.66666666666666
SPTBN4,3,2,1,66.66666666666666
SSTR2,3,2,1,66.66666666666666
STEAP2,3,2,1,66.66666666666666
STOX2,3,2,1,66.66666666666666
TBC1D32,3,2,1,66.66666666666666
TGFBR3,3,2,1,66.66666666666666
THBS4,3,2,1,66.66666666666666
TNNI2,3,2,1,66.66666666666666
TNRC6B,3,2,1,66.66666666666666
TPH1,3,2,1,66.66666666666666
TSHZ1,3,2,1,66.66666666666666
VASH2,3,2,1,66.66666666666666
ZBTB20,3,2,1,66.66666666666666
ZFPM1,3,2,1,66.66666666666666
ZIM2,3,2,1,66.66666666666666
OBSCN,13,8,5,61.53846153846154
CACNA1A,5,3,2,60.0
CCDC136,5,3,2,60.0
CLIP2,5,3,2,60.0
KIAA1244,5,3,2,60.0
SACS,5,3,2,60.0
SPEG,5,3,2,60.0
TECTA,5,3,2,60.0
WDR96,5,3,2,60.0
TLN2,7,4,3,57.14285714285714
WDFY4,7,4,3,57.14285714285714
LRP2,8,4,4,50.0
AHDC1,6,3,3,50.0
SRGAP1,6,3,3,50.0
ACACB,4,2,2,50.0
ARHGAP22,4,2,2,50.0
ATP8A1,4,2,2,50.0
BRCA2,4,2,2,50.0
BTBD8,4,2,2,50.0
C1orf106,4,2,2,50.0
CEP112,4,2,2,50.0
CHD7,4,2,2,50.0
DNHD1,4,2,2,50.0
HCN3,4,2,2,50.0
IL21R,4,2,2,50.0
MAGEE1,4,2,2,50.0
PCDH1,4,2,2,50.0
PPP1R3F,4,2,2,50.0
SHANK2,4,2,2,50.0
SPOCD1,4,2,2,50.0
ZFPM2,4,2,2,50.0
ZNF215,4,2,2,50.0
ZNF521,4,2,2,50.0
GPR98,9,4,5,44.44444444444444
ARHGAP23,5,2,3,40.0
COL14A1,5,2,3,40.0
DNAH1,5,2,3,40.0
HELZ2,5,2,3,40.0
NFASC,5,2,3,40.0
OPLAH,5,2,3,40.0
QRICH2,5,2,3,40.0
WNK2,5,2,3,40.0
HMCN1,13,5,8,38.46153846153847
AHNAK2,9,3,6,33.33333333333333
CMYA5,6,2,4,33.33333333333333
ABCA4,3,1,2,33.33333333333333
ABCC4,3,1,2,33.33333333333333
ADAMTS12,3,1,2,33.33333333333333
ADAMTS15,3,1,2,33.33333333333333
ADRBK2,3,1,2,33.33333333333333
AK9,3,1,2,33.33333333333333
ALPK3,3,1,2,33.33333333333333
AMBRA1,3,1,2,33.33333333333333
AMH,3,1,2,33.33333333333333
ARHGAP24,3,1,2,33.33333333333333
ARHGAP4,3,1,2,33.33333333333333
ATP7B,3,1,2,33.33333333333333
ATP8B3,3,1,2,33.33333333333333
BIN1,3,1,2,33.33333333333333
CADPS2,3,1,2,33.33333333333333
CARD6,3,1,2,33.33333333333333
CASKIN2,3,1,2,33.33333333333333
CCDC138,3,1,2,33.33333333333333
CCDC170,3,1,2,33.33333333333333
CCDC88B,3,1,2,33.33333333333333
CIT,3,1,2,33.33333333333333
COL28A1,3,1,2,33.33333333333333
COL5A3,3,1,2,33.33333333333333
CPZ,3,1,2,33.33333333333333
DCHS1,3,1,2,33.33333333333333
DEPDC5,3,1,2,33.33333333333333
DOCK2,3,1,2,33.33333333333333
DOCK8,3,1,2,33.33333333333333
ELN,3,1,2,33.33333333333333
EPB41L1,3,1,2,33.33333333333333
EPPK1,3,1,2,33.33333333333333
ERCC6,3,1,2,33.33333333333333
ERCC6L2,3,1,2,33.33333333333333
ESPN,3,1,2,33.33333333333333
FAM178B,3,1,2,33.33333333333333
FAM83B,3,1,2,33.33333333333333
FCRL3,3,1,2,33.33333333333333
FITM2,3,1,2,33.33333333333333
FSCN1,3,1,2,33.33333333333333
GLI3,3,1,2,33.33333333333333
GPR133,3,1,2,33.33333333333333
GPRC5C,3,1,2,33.33333333333333
HACE1,3,1,2,33.33333333333333
HIVEP1,3,1,2,33.33333333333333
HIVEP3,3,1,2,33.33333333333333
ITGB6,3,1,2,33.33333333333333
KANK4,3,1,2,33.33333333333333
KDR,3,1,2,33.33333333333333
KIAA1033,3,1,2,33.33333333333333
KIAA1324,3,1,2,33.33333333333333
KIAA1462,3,1,2,33.33333333333333
KRT4,3,1,2,33.33333333333333
LCA5,3,1,2,33.33333333333333
LDB2,3,1,2,33.33333333333333
MEGF8,3,1,2,33.33333333333333
MYBPC3,3,1,2,33.33333333333333
NEO1,3,1,2,33.33333333333333
NID1,3,1,2,33.33333333333333
NOD2,3,1,2,33.33333333333333
NPR2,3,1,2,33.33333333333333
PCDHA12,3,1,2,33.33333333333333
PDGFRA,3,1,2,33.33333333333333
PLCH2,3,1,2,33.33333333333333
PLCL2,3,1,2,33.33333333333333
POLQ,3,1,2,33.33333333333333
PRRG1,3,1,2,33.33333333333333
PTPRU,3,1,2,33.33333333333333
RAB6B,3,1,2,33.33333333333333
RIN3,3,1,2,33.33333333333333
RNF8,3,1,2,33.33333333333333
RPS6KA3,3,1,2,33.33333333333333
SAMD12,3,1,2,33.33333333333333
SAMSN1,3,1,2,33.33333333333333
SARM1,3,1,2,33.33333333333333
SEC16B,3,1,2,33.33333333333333
SH2D3C,3,1,2,33.33333333333333
SLC27A5,3,1,2,33.33333333333333
SLIT2,3,1,2,33.33333333333333
SMARCA1,3,1,2,33.33333333333333
TANGO6,3,1,2,33.33333333333333
TBKBP1,3,1,2,33.33333333333333
TBX15,3,1,2,33.33333333333333
THRA,3,1,2,33.33333333333333
TIE1,3,1,2,33.33333333333333
TRMT44,3,1,2,33.33333333333333
TRO,3,1,2,33.33333333333333
TRPS1,3,1,2,33.33333333333333
UNKL,3,1,2,33.33333333333333
WDR7,3,1,2,33.33333333333333
ZFP28,3,1,2,33.33333333333333
ZFYVE26,3,1,2,33.33333333333333
ZNF219,3,1,2,33.33333333333333
ZNF443,3,1,2,33.33333333333333
ZNF540,3,1,2,33.33333333333333
ZNF550,3,1,2,33.33333333333333
ZNF90,3,1,2,33.33333333333333
MKI67,8,2,6,25.0
ADAMTS10,4,1,3,25.0
BRWD3,4,1,3,25.0
CEACAM5,4,1,3,25.0
CENPE,4,1,3,25.0
CILP,4,1,3,25.0
COBLL1,4,1,3,25.0
CPAMD8,4,1,3,25.0
EMILIN1,4,1,3,25.0
FAT1,4,1,3,25.0
HIPK3,4,1,3,25.0
INSR,4,1,3,25.0
ITPR2,4,1,3,25.0
KIF13B,4,1,3,25.0
LTBP4,4,1,3,25.0
PEAK1,4,1,3,25.0
PKD1,4,1,3,25.0
PRSS36,4,1,3,25.0
SCUBE2,4,1,3,25.0
TRPM4,4,1,3,25.0
ZAP70,4,1,3,25.0
KMT2C,10,2,8,20.0
AKNA,5,1,4,20.0
ALMS1,5,1,4,20.0
DMXL1,5,1,4,20.0
DMXL2,5,1,4,20.0
DOPEY2,5,1,4,20.0
FLT1,5,1,4,20.0
IRS1,5,1,4,20.0
KALRN,5,1,4,20.0
NCOR2,5,1,4,20.0
PTPRK,5,1,4,20.0
SSH2,5,1,4,20.0
VPS13B,5,1,4,20.0
WHAMM,5,1,4,20.0
ASPM,6,1,5,16.666666666666664
DNAH14,6,1,5,16.666666666666664
FOXA1,6,1,5,16.666666666666664
ASTN2,7,1,6,14.285714285714285
BOD1L1,7,1,6,14.285714285714285
TP53,50,0,50,0.0
PIK3CA,40,0,40,0.0
MACF1,16,0,16,0.0
AHNAK,12,0,12,0.0
HERC1,11,0,11,0.0
MAP3K1,11,0,11,0.0
BLTP1,9,0,9,0.0
CDH1,9,0,9,0.0
PTEN,9,0,9,0.0
ASH1L,8,0,8,0.0
GATA3,8,0,8,0.0
NIPBL,8,0,8,0.0
NOTCH3,8,0,8,0.0
PRKDC,8,0,8,0.0
PRRC2C,8,0,8,0.0
RNF213,8,0,8,0.0
SPEN,8,0,8,0.0
SYNE1,8,0,8,0.0
DOCK6,7,0,7,0.0
MAP2K4,7,0,7,0.0
MLLT4,7,0,7,0.0
PPP1R26,7,0,7,0.0
UBR4,7,0,7,0.0
ANKRD11,6,0,6,0.0
BIRC6,6,0,6,0.0
C6orf132,6,0,6,0.0
CENPF,6,0,6,0.0
CROCC,6,0,6,0.0
DDX42,6,0,6,0.0
DOCK5,6,0,6,0.0
EP400,6,0,6,0.0
KMT2D,6,0,6,0.0
MYO18A,6,0,6,0.0
PALM2AKAP2,6,0,6,0.0
ROCK1,6,0,6,0.0
RPGRIP1L,6,0,6,0.0
SETD1B,6,0,6,0.0
SIPA1L3,6,0,6,0.0
TNRC18,6,0,6,0.0
TRIO,6,0,6,0.0
TRIOBP,6,0,6,0.0
VPS13C,6,0,6,0.0
ZNF638,6,0,6,0.0
AKT1,5,0,5,0.0
ARHGAP35,5,0,5,0.0
ARID1A,5,0,5,0.0
ARID2,5,0,5,0.0
ASCC3,5,0,5,0.0
BAZ1A,5,0,5,0.0
CDK12,5,0,5,0.0
CELSR2,5,0,5,0.0
CEP120,5,0,5,0.0
COL12A1,5,0,5,0.0
COL18A1,5,0,5,0.0
COL4A5,5,0,5,0.0
CUL4B,5,0,5,0.0
DNAJC13,5,0,5,0.0
DOPEY1,5,0,5,0.0
DOT1L,5,0,5,0.0
DST,5,0,5,0.0
GNAS,5,0,5,0.0
HECTD1,5,0,5,0.0
ILF3,5,0,5,0.0
IQGAP3,5,0,5,0.0
ITGAM,5,0,5,0.0
KDM5C,5,0,5,0.0
KMT2E,5,0,5,0.0
LAMA3,5,0,5,0.0
LZTR1,5,0,5,0.0
MED23,5,0,5,0.0
MON2,5,0,5,0.0
MYH14,5,0,5,0.0
MYH9,5,0,5,0.0
NOTCH1,5,0,5,0.0
NUMA1,5,0,5,0.0
PLEC,5,0,5,0.0
POLR1A,5,0,5,0.0
RUNX1,5,0,5,0.0
SHROOM3,5,0,5,0.0
SLC4A2,5,0,5,0.0
SRCAP,5,0,5,0.0
STAB1,5,0,5,0.0
TEP1,5,0,5,0.0
TRRAP,5,0,5,0.0
TTC14,5,0,5,0.0
VCAN,5,0,5,0.0
WDFY3,5,0,5,0.0
ZNF585A,5,0,5,0.0
A2M,4,0,4,0.0
ABCA1,4,0,4,0.0
ACACA,4,0,4,0.0
ACTN4,4,0,4,0.0
ADAM19,4,0,4,0.0
ADORA3,4,0,4,0.0
AGO2,4,0,4,0.0
AHCTF1,4,0,4,0.0
AKAP13,4,0,4,0.0
AKAP9,4,0,4,0.0
ANKHD1,4,0,4,0.0
AP2A2,4,0,4,0.0
ARHGAP25,4,0,4,0.0
ARHGEF17,4,0,4,0.0
ATAD2,4,0,4,0.0
ATXN1L,4,0,4,0.0
AUTS2,4,0,4,0.0
B4GALNT4,4,0,4,0.0
BTAF1,4,0,4,0.0
C10orf88,4,0,4,0.0
CACTIN,4,0,4,0.0
CAMTA1,4,0,4,0.0
CBFB,4,0,4,0.0
CEP250,4,0,4,0.0
CHD6,4,0,4,0.0
CLTC,4,0,4,0.0
COG1,4,0,4,0.0
COL4A1,4,0,4,0.0
CPSF1,4,0,4,0.0
DDX26B,4,0,4,0.0
DGKQ,4,0,4,0.0
DLG5,4,0,4,0.0
DOCK1,4,0,4,0.0
DYM,4,0,4,0.0
DYNC1H1,4,0,4,0.0
ECE2,4,0,4,0.0
EHBP1,4,0,4,0.0
EHBP1L1,4,0,4,0.0
EPHB4,4,0,4,0.0
ERAP1,4,0,4,0.0
EVPL,4,0,4,0.0
FAM193A,4,0,4,0.0
FRYL,4,0,4,0.0
GALNT2,4,0,4,0.0
GPR124,4,0,4,0.0
GPS2,4,0,4,0.0
HECTD4,4,0,4,0.0
HERC2,4,0,4,0.0
HTT,4,0,4,0.0
HUWE1,4,0,4,0.0
IFT140,4,0,4,0.0
IKZF3,4,0,4,0.0
INTS7,4,0,4,0.0
IWS1,4,0,4,0.0
JAG1,4,0,4,0.0
KANSL1,4,0,4,0.0
KIAA0947,4,0,4,0.0
KIAA1429,4,0,4,0.0
KMT2A,4,0,4,0.0
KMT2B,4,0,4,0.0
LAMA2,4,0,4,0.0
LAMB2,4,0,4,0.0
LILRB4,4,0,4,0.0
LRRC15,4,0,4,0.0
MAP4K4,4,0,4,0.0
MDN1,4,0,4,0.0
MEN1,4,0,4,0.0
MGA,4,0,4,0.0
MYBBP1A,4,0,4,0.0
MYO9B,4,0,4,0.0
NBPF1,4,0,4,0.0
NCOA1,4,0,4,0.0
NCOA5,4,0,4,0.0
NES,4,0,4,0.0
NEURL1B,4,0,4,0.0
NOTCH2,4,0,4,0.0
NOTCH4,4,0,4,0.0
NUFIP2,4,0,4,0.0
NUP205,4,0,4,0.0
PARP12,4,0,4,0.0
PARP9,4,0,4,0.0
PCNT,4,0,4,0.0
PCNX,4,0,4,0.0
PCNXL2,4,0,4,0.0
PELP1,4,0,4,0.0
PHLDB2,4,0,4,0.0
PLEKHG4B,4,0,4,0.0
PLXNA1,4,0,4,0.0
R3HDM2,4,0,4,0.0
RBM15,4,0,4,0.0
RC3H1,4,0,4,0.0
RERE,4,0,4,0.0
RIF1,4,0,4,0.0
RNF31,4,0,4,0.0
RTEL1,4,0,4,0.0
RUNX2,4,0,4,0.0
SBNO2,4,0,4,0.0
SEC16A,4,0,4,0.0
SEC23B,4,0,4,0.0
SIGLEC1,4,0,4,0.0
SIPA1L1,4,0,4,0.0
SMC6,4,0,4,0.0
SMG8,4,0,4,0.0
SNAPC4,4,0,4,0.0
SOX9,4,0,4,0.0
SP3,4,0,4,0.0
SPTAN1,4,0,4,0.0
SSH1,4,0,4,0.0
SSRP1,4,0,4,0.0
SZT2,4,0,4,0.0
TAB3,4,0,4,0.0
TFDP1,4,0,4,0.0
THOC2,4,0,4,0.0
TJP1,4,0,4,0.0
TMEM2,4,0,4,0.0
TNC,4,0,4,0.0
TONSL,4,0,4,0.0
TOR1AIP1,4,0,4,0.0
TRANK1,4,0,4,0.0
TRAPPC9,4,0,4,0.0
TRIP12,4,0,4,0.0
UGGT1,4,0,4,0.0
UNC13B,4,0,4,0.0
UTRN,4,0,4,0.0
VPS72,4,0,4,0.0
WDTC1,4,0,4,0.0
XRN2,4,0,4,0.0
YLPM1,4,0,4,0.0
ZBTB24,4,0,4,0.0
ZNF106,4,0,4,0.0
ZNF185,4,0,4,0.0
ZNF496,4,0,4,0.0
ZNF862,4,0,4,0.0
ZZEF1,4,0,4,0.0
ABCA2,3,0,3,0.0
ABCC1,3,0,3,0.0
ABCG1,3,0,3,0.0
ACE,3,0,3,0.0
ADAM15,3,0,3,0.0
ADAM8,3,0,3,0.0
ADAT3,3,0,3,0.0
ADNP,3,0,3,0.0
AFF4,3,0,3,0.0
AGO1,3,0,3,0.0
AGRN,3,0,3,0.0
ANKMY1,3,0,3,0.0
ANKRD30A,3,0,3,0.0
ARAP2,3,0,3,0.0
ARHGAP39,3,0,3,0.0
ARHGEF11,3,0,3,0.0
ARHGEF12,3,0,3,0.0
ASAP2,3,0,3,0.0
ATG2B,3,0,3,0.0
ATN1,3,0,3,0.0
ATR,3,0,3,0.0
ATXN1,3,0,3,0.0
BAZ2B,3,0,3,0.0
BCL6,3,0,3,0.0
BCL9L,3,0,3,0.0
BCOR,3,0,3,0.0
BICD2,3,0,3,0.0
BMPR2,3,0,3,0.0
BRD1,3,0,3,0.0
BRPF3,3,0,3,0.0
C11orf30,3,0,3,0.0
C5AR1,3,0,3,0.0
CABIN1,3,0,3,0.0
CASD1,3,0,3,0.0
CCDC120,3,0,3,0.0
CCDC28A,3,0,3,0.0
CD163L1,3,0,3,0.0
CD93,3,0,3,0.0
CDC5L,3,0,3,0.0
CDKN2A,3,0,3,0.0
CDR2L,3,0,3,0.0
CEP192,3,0,3,0.0
CEP350,3,0,3,0.0
CES2,3,0,3,0.0
CFH,3,0,3,0.0
CHD8,3,0,3,0.0
CHD9,3,0,3,0.0
CHM,3,0,3,0.0
CHML,3,0,3,0.0
CHST15,3,0,3,0.0
CIC,3,0,3,0.0
CKAP5,3,0,3,0.0
CLEC14A,3,0,3,0.0
CNOT1,3,0,3,0.0
CNST,3,0,3,0.0
COL27A1,3,0,3,0.0
COL7A1,3,0,3,0.0
CP,3,0,3,0.0
CPE,3,0,3,0.0
CRIM1,3,0,3,0.0
CRK,3,0,3,0.0
CSF1R,3,0,3,0.0
CSNK1A1L,3,0,3,0.0
CSPP1,3,0,3,0.0
CTC1,3,0,3,0.0
CTCF,3,0,3,0.0
CTNNB1,3,0,3,0.0
CTTN,3,0,3,0.0
DAPK1,3,0,3,0.0
DCAF13,3,0,3,0.0
DCTN1,3,0,3,0.0
DDR1,3,0,3,0.0
DDX50,3,0,3,0.0
DENND4B,3,0,3,0.0
DENND4C,3,0,3,0.0
DENND5A,3,0,3,0.0
DEPDC1,3,0,3,0.0
DHX8,3,0,3,0.0
DIAPH2,3,0,3,0.0
DIP2A,3,0,3,0.0
DISP1,3,0,3,0.0
DNAAF2,3,0,3,0.0
DNAJC2,3,0,3,0.0
DNMT3A,3,0,3,0.0
DOCK10,3,0,3,0.0
DOCK7,3,0,3,0.0
DSP,3,0,3,0.0
DUS3L,3,0,3,0.0
E2F6,3,0,3,0.0
EDEM3,3,0,3,0.0
EHMT1,3,0,3,0.0
EIF2AK3,3,0,3,0.0
EIF2AK4,3,0,3,0.0
EIF4G1,3,0,3,0.0
EMC3,3,0,3,0.0
EML2,3,0,3,0.0
EPC2,3,0,3,0.0
ERBB2,3,0,3,0.0
ERBB3,3,0,3,0.0
ETV3,3,0,3,0.0
EVC,3,0,3,0.0
EVI5L,3,0,3,0.0
EXT1,3,0,3,0.0
F8,3,0,3,0.0
FAM120A,3,0,3,0.0
FAM120C,3,0,3,0.0
FAM160A2,3,0,3,0.0
FAM179B,3,0,3,0.0
FAM188B,3,0,3,0.0
FAM200B,3,0,3,0.0
FBN1,3,0,3,0.0
FBRSL1,3,0,3,0.0
FBXW7,3,0,3,0.0
FEM1C,3,0,3,0.0
FLNB,3,0,3,0.0
FLOT1,3,0,3,0.0
FLT3LG,3,0,3,0.0
FNIP2,3,0,3,0.0
FOXJ3,3,0,3,0.0
GAA,3,0,3,0.0
GALNS,3,0,3,0.0
GANAB,3,0,3,0.0
GBP1,3,0,3,0.0
GCC1,3,0,3,0.0
GCDH,3,0,3,0.0
GIMAP1,3,0,3,0.0
GOLGA3,3,0,3,0.0
GOLGA4,3,0,3,0.0
GOLGB1,3,0,3,0.0
GON4L,3,0,3,0.0
GPR125,3,0,3,0.0
GPRASP2,3,0,3,0.0
GRB7,3,0,3,0.0
GTF3C1,3,0,3,0.0
GTF3C5,3,0,3,0.0
GTSE1,3,0,3,0.0
HAUS1,3,0,3,0.0
HBS1L,3,0,3,0.0
HEATR1,3,0,3,0.0
HPS4,3,0,3,0.0
HYCC1,3,0,3,0.0
IFI16,3,0,3,0.0
IFT172,3,0,3,0.0
IGHMBP2,3,0,3,0.0
IGSF9,3,0,3,0.0
IKBKE,3,0,3,0.0
IL7R,3,0,3,0.0
INO80,3,0,3,0.0
INPP1,3,0,3,0.0
INPPL1,3,0,3,0.0
IP6K1,3,0,3,0.0
IQSEC2,3,0,3,0.0
IRS2,3,0,3,0.0
ISG20L2,3,0,3,0.0
ITGA4,3,0,3,0.0
ITGB4,3,0,3,0.0
ITGB5,3,0,3,0.0
ITPK1,3,0,3,0.0
ITPKC,3,0,3,0.0
JAG2,3,0,3,0.0
JMJD6,3,0,3,0.0
JMJD8,3,0,3,0.0
KAT2B,3,0,3,0.0
KAT6A,3,0,3,0.0
KAZN,3,0,3,0.0
KIAA0196,3,0,3,0.0
KIAA0232,3,0,3,0.0
KIAA0319L,3,0,3,0.0
KIAA0391,3,0,3,0.0
KIF11,3,0,3,0.0
KIF13A,3,0,3,0.0
KIF1B,3,0,3,0.0
KIF5B,3,0,3,0.0
KIFC2,3,0,3,0.0
KLHL5,3,0,3,0.0
LAMA4,3,0,3,0.0
LAMB1,3,0,3,0.0
LCP2,3,0,3,0.0
LDLRAD3,3,0,3,0.0
LENG8,3,0,3,0.0
LEPR,3,0,3,0.0
LMTK2,3,0,3,0.0
LRBA,3,0,3,0.0
LRIG1,3,0,3,0.0
LRP1,3,0,3,0.0
LRRC56,3,0,3,0.0
LRRC8D,3,0,3,0.0
LRRFIP1,3,0,3,0.0
LRRK1,3,0,3,0.0
LYST,3,0,3,0.0
MAP1S,3,0,3,0.0
MAP2K7,3,0,3,0.0
MAPK15,3,0,3,0.0
MAPK8,3,0,3,0.0
MAPKAPK2,3,0,3,0.0
MARK4,3,0,3,0.0
MBD1,3,0,3,0.0
MBD6,3,0,3,0.0
MCL1,3,0,3,0.0
MCM4,3,0,3,0.0
MCM6,3,0,3,0.0
MCM9,3,0,3,0.0
MED16,3,0,3,0.0
MEF2A,3,0,3,0.0
MEGF6,3,0,3,0.0
METTL13,3,0,3,0.0
MLLT10,3,0,3,0.0
MLLT6,3,0,3,0.0
MORC2,3,0,3,0.0
MRC2,3,0,3,0.0
MRPS27,3,0,3,0.0
MS4A14,3,0,3,0.0
MTMR11,3,0,3,0.0
MTOR,3,0,3,0.0
MUC1,3,0,3,0.0
MYCBP2,3,0,3,0.0
MYH10,3,0,3,0.0
MYOF,3,0,3,0.0
NAV2,3,0,3,0.0
NBAS,3,0,3,0.0
NCOR1,3,0,3,0.0
NEURL4,3,0,3,0.0
NFX1,3,0,3,0.0
NID2,3,0,3,0.0
NMD3,3,0,3,0.0
NOL6,3,0,3,0.0
NSD1,3,0,3,0.0
NUP160,3,0,3,0.0
NUP62,3,0,3,0.0
PALB2,3,0,3,0.0
PCDHGA3,3,0,3,0.0
PCDHGA8,3,0,3,0.0
PCDHGB3,3,0,3,0.0
PCDHGB7,3,0,3,0.0
PCF11,3,0,3,0.0
PDCD11,3,0,3,0.0
PDE4DIP,3,0,3,0.0
PDXDC1,3,0,3,0.0
PEX6,3,0,3,0.0
PHF12,3,0,3,0.0
PHF2,3,0,3,0.0
PHIP,3,0,3,0.0
PI4KA,3,0,3,0.0
PIAS3,3,0,3,0.0
PIGG,3,0,3,0.0
PIK3C2A,3,0,3,0.0
PIK3C2B,3,0,3,0.0
PJA1,3,0,3,0.0
PKD2,3,0,3,0.0
PLEKHM2,3,0,3,0.0
PLK3,3,0,3,0.0
PLS1,3,0,3,0.0
PLXNB2,3,0,3,0.0
PLXND1,3,0,3,0.0
POGZ,3,0,3,0.0
POLR2A,3,0,3,0.0
PPIP5K1,3,0,3,0.0
PPL,3,0,3,0.0
PRKAR2B,3,0,3,0.0
PRRC2B,3,0,3,0.0
PTCD3,3,0,3,0.0
PTOV1,3,0,3,0.0
PTPRS,3,0,3,0.0
PVRL1,3,0,3,0.0
PVRL2,3,0,3,0.0
RAI1,3,0,3,0.0
RB1,3,0,3,0.0
RB1CC1,3,0,3,0.0
RECQL5,3,0,3,0.0
REXO1,3,0,3,0.0
RGPD4,3,0,3,0.0
RPL5,3,0,3,0.0
RPL7,3,0,3,0.0
RRAGC,3,0,3,0.0
RSAD1,3,0,3,0.0
SAMD9,3,0,3,0.0
SBF1,3,0,3,0.0
SCAF11,3,0,3,0.0
SCMH1,3,0,3,0.0
SCRIB,3,0,3,0.0
SEC24D,3,0,3,0.0
SELPLG,3,0,3,0.0
SEMA4C,3,0,3,0.0
SEMA7A,3,0,3,0.0
SENP7,3,0,3,0.0
SETD1A,3,0,3,0.0
SETX,3,0,3,0.0
SF3B1,3,0,3,0.0
SH3TC1,3,0,3,0.0
SHANK3,3,0,3,0.0
SHPRH,3,0,3,0.0
SLAIN2,3,0,3,0.0
SLC25A13,3,0,3,0.0
SLC39A10,3,0,3,0.0
SLC39A4,3,0,3,0.0
SLIT1,3,0,3,0.0
SMARCA2,3,0,3,0.0
SMG1,3,0,3,0.0
SON,3,0,3,0.0
SORT1,3,0,3,0.0
SPTBN1,3,0,3,0.0
SPTLC1,3,0,3,0.0
SRF,3,0,3,0.0
SSH3,3,0,3,0.0
STAG2,3,0,3,0.0
STT3B,3,0,3,0.0
STXBP5,3,0,3,0.0
SULF2,3,0,3,0.0
SUZ12,3,0,3,0.0
SYMPK,3,0,3,0.0
SYNE2,3,0,3,0.0
SYNJ2,3,0,3,0.0
TACC2,3,0,3,0.0
TAF1,3,0,3,0.0
TAOK1,3,0,3,0.0
TAOK2,3,0,3,0.0
TAP2,3,0,3,0.0
TARSL2,3,0,3,0.0
TBC1D1,3,0,3,0.0
TBC1D4,3,0,3,0.0
TBCE,3,0,3,0.0
TCF20,3,0,3,0.0
TDRD5,3,0,3,0.0
TEX2,3,0,3,0.0
THRAP3,3,0,3,0.0
THUMPD3,3,0,3,0.0
TIGD5,3,0,3,0.0
TLK2,3,0,3,0.0
TLR6,3,0,3,0.0
TMEM131,3,0,3,0.0
TMEM214,3,0,3,0.0
TNIK,3,0,3,0.0
TNK2,3,0,3,0.0
TNPO3,3,0,3,0.0
TNRC6A,3,0,3,0.0
TOPBP1,3,0,3,0.0
TP53I13,3,0,3,0.0
TPR,3,0,3,0.0
TRAF1,3,0,3,0.0
TRAPPC12,3,0,3,0.0
TRIM14,3,0,3,0.0
TRIM24,3,0,3,0.0
TRPC1,3,0,3,0.0
TRPM2,3,0,3,0.0
TSTA3,3,0,3,0.0
TTLL4,3,0,3,0.0
UBAP2,3,0,3,0.0
UBR1,3,0,3,0.0
UBR2,3,0,3,0.0
UFL1,3,0,3,0.0
USP16,3,0,3,0.0
USP21,3,0,3,0.0
USP34,3,0,3,0.0
VAV2,3,0,3,0.0
VAV3,3,0,3,0.0
VPS13A,3,0,3,0.0
VPS13D,3,0,3,0.0
VPS8,3,0,3,0.0
WDR26,3,0,3,0.0
WDR81,3,0,3,0.0
WIPI2,3,0,3,0.0
WNK1,3,0,3,0.0
XRN1,3,0,3,0.0
ZBTB41,3,0,3,0.0
ZCCHC11,3,0,3,0.0
ZEB2,3,0,3,0.0
ZFC3H1,3,0,3,0.0
ZFP64,3,0,3,0.0
ZMYM3,3,0,3,0.0
ZMYM6,3,0,3,0.0
ZMYND8,3,0,3,0.0
ZNF350,3,0,3,0.0
ZNF513,3,0,3,0.0
ZNF574,3,0,3,0.0
ZNF592,3,0,3,0.0
ZNF746,3,0,3,0.0
ZNF813,3,0,3,0.0
